file,species,label_id,duration_sec
clip_00000.wav,Spinner_Dolphin,26,
clip_00001.wav,Bearded_Seal,1,
clip_00002.wav,Weddell_Seal,29,
clip_00003.wav,Harp_Seal,11,
clip_00004.wav,False_Killer_Whale,7,
clip_00005.wav,Frasers_Dolphin,9,
clip_00006.wav,Long-Finned_Pilot_Whale,15,
clip_00007.wav,"Beluga,_White_Whale",2,
clip_00008.wav,Atlantic_Spotted_Dolphin,0,
clip_00009.wav,Spinner_Dolphin,26,
clip_00010.wav,Minke_Whale,17,
clip_00011.wav,Pantropical_Spotted_Dolphin,20,
clip_00012.wav,"Grampus,_Rissos_Dolphin",10,
clip_00013.wav,Ross_Seal,21,
clip_00014.wav,Frasers_Dolphin,9,
clip_00015.wav,White-sided_Dolphin,31,
clip_00016.wav,Narwhal,18,
clip_00017.wav,Common_Dolphin,6,
clip_00018.wav,Bowhead_Whale,4,
clip_00019.wav,Sperm_Whale,25,
clip_00020.wav,Long-Finned_Pilot_Whale,15,
clip_00021.wav,False_Killer_Whale,7,
clip_00022.wav,Humpback_Whale,12,
clip_00023.wav,Short-Finned_Pacific_Pilot_Whale,23,
clip_00024.wav,Striped_Dolphin,27,
clip_00025.wav,Bowhead_Whale,4,
clip_00026.wav,Striped_Dolphin,27,
clip_00027.wav,Sperm_Whale,25,
clip_00028.wav,Pantropical_Spotted_Dolphin,20,
clip_00029.wav,Walrus,28,
clip_00030.wav,Northern_Right_Whale,19,
clip_00031.wav,Short-Finned_Pacific_Pilot_Whale,23,
clip_00032.wav,"Fin,_Finback_Whale",8,
clip_00033.wav,Spinner_Dolphin,26,
clip_00034.wav,Ross_Seal,21,
clip_00035.wav,Common_Dolphin,6,
clip_00036.wav,Bowhead_Whale,4,
clip_00037.wav,Pantropical_Spotted_Dolphin,20,
clip_00038.wav,Ross_Seal,21,
clip_00039.wav,Bottlenose_Dolphin,3,
clip_00040.wav,Bowhead_Whale,4,
clip_00041.wav,Sperm_Whale,25,
clip_00042.wav,Ross_Seal,21,
clip_00043.wav,Short-Finned_Pacific_Pilot_Whale,23,
clip_00044.wav,White-beaked_Dolphin,30,
clip_00045.wav,"Fin,_Finback_Whale",8,
clip_00046.wav,Spinner_Dolphin,26,
clip_00047.wav,Pantropical_Spotted_Dolphin,20,
clip_00048.wav,Ross_Seal,21,
clip_00049.wav,Ross_Seal,21,
clip_00050.wav,Bowhead_Whale,4,
clip_00051.wav,Short-Finned_Pacific_Pilot_Whale,23,
clip_00052.wav,Rough-Toothed_Dolphin,22,
clip_00053.wav,Melon_Headed_Whale,16,
clip_00054.wav,Pantropical_Spotted_Dolphin,20,
clip_00055.wav,Frasers_Dolphin,9,
clip_00056.wav,Bottlenose_Dolphin,3,
clip_00057.wav,Sperm_Whale,25,
clip_00058.wav,Harp_Seal,11,
clip_00059.wav,Southern_Right_Whale,24,
clip_00060.wav,False_Killer_Whale,7,
clip_00061.wav,Long-Finned_Pilot_Whale,15,
clip_00062.wav,Humpback_Whale,12,
clip_00063.wav,Short-Finned_Pacific_Pilot_Whale,23,
clip_00064.wav,"Fin,_Finback_Whale",8,
clip_00065.wav,"Fin,_Finback_Whale",8,
clip_00066.wav,Bottlenose_Dolphin,3,
clip_00067.wav,Bottlenose_Dolphin,3,
clip_00068.wav,Frasers_Dolphin,9,
clip_00069.wav,Bearded_Seal,1,
clip_00070.wav,Melon_Headed_Whale,16,
clip_00071.wav,Spinner_Dolphin,26,
clip_00072.wav,Spinner_Dolphin,26,
clip_00073.wav,"Beluga,_White_Whale",2,
clip_00074.wav,Northern_Right_Whale,19,
clip_00075.wav,"Fin,_Finback_Whale",8,
clip_00076.wav,"Fin,_Finback_Whale",8,
clip_00077.wav,Bearded_Seal,1,
clip_00078.wav,Humpback_Whale,12,
clip_00079.wav,Bottlenose_Dolphin,3,
clip_00080.wav,Ross_Seal,21,
clip_00081.wav,Sperm_Whale,25,
clip_00082.wav,Walrus,28,
clip_00083.wav,Humpback_Whale,12,
clip_00084.wav,Melon_Headed_Whale,16,
clip_00085.wav,"Grampus,_Rissos_Dolphin",10,
clip_00086.wav,Bowhead_Whale,4,
clip_00087.wav,Striped_Dolphin,27,
clip_00088.wav,Bearded_Seal,1,
clip_00089.wav,Southern_Right_Whale,24,
clip_00090.wav,Short-Finned_Pacific_Pilot_Whale,23,
clip_00091.wav,Southern_Right_Whale,24,
clip_00092.wav,Striped_Dolphin,27,
clip_00093.wav,Melon_Headed_Whale,16,
clip_00094.wav,Atlantic_Spotted_Dolphin,0,
clip_00095.wav,Humpback_Whale,12,
clip_00096.wav,Frasers_Dolphin,9,
clip_00097.wav,"Grampus,_Rissos_Dolphin",10,
clip_00098.wav,Narwhal,18,
clip_00099.wav,Atlantic_Spotted_Dolphin,0,
clip_00100.wav,Ross_Seal,21,
clip_00101.wav,Harp_Seal,11,
clip_00102.wav,"Fin,_Finback_Whale",8,
clip_00103.wav,Northern_Right_Whale,19,
clip_00104.wav,Spinner_Dolphin,26,
clip_00105.wav,Walrus,28,
clip_00106.wav,False_Killer_Whale,7,
clip_00107.wav,Melon_Headed_Whale,16,
clip_00108.wav,Pantropical_Spotted_Dolphin,20,
clip_00109.wav,Bearded_Seal,1,
clip_00110.wav,"Grampus,_Rissos_Dolphin",10,
clip_00111.wav,"Fin,_Finback_Whale",8,
clip_00112.wav,Sperm_Whale,25,
clip_00113.wav,Spinner_Dolphin,26,
clip_00114.wav,Humpback_Whale,12,
clip_00115.wav,"Grampus,_Rissos_Dolphin",10,
clip_00116.wav,Frasers_Dolphin,9,
clip_00117.wav,Spinner_Dolphin,26,
clip_00118.wav,Walrus,28,
clip_00119.wav,Minke_Whale,17,
clip_00120.wav,Atlantic_Spotted_Dolphin,0,
clip_00121.wav,False_Killer_Whale,7,
clip_00122.wav,White-sided_Dolphin,31,
clip_00123.wav,Striped_Dolphin,27,
clip_00124.wav,Humpback_Whale,12,
clip_00125.wav,Striped_Dolphin,27,
clip_00126.wav,Bearded_Seal,1,
clip_00127.wav,Common_Dolphin,6,
clip_00128.wav,Common_Dolphin,6,
clip_00129.wav,White-beaked_Dolphin,30,
clip_00130.wav,"Grampus,_Rissos_Dolphin",10,
clip_00131.wav,Harp_Seal,11,
clip_00132.wav,Pantropical_Spotted_Dolphin,20,
clip_00133.wav,White-sided_Dolphin,31,
clip_00134.wav,Walrus,28,
clip_00135.wav,Pantropical_Spotted_Dolphin,20,
clip_00136.wav,Clymene_Dolphin,5,
clip_00137.wav,Humpback_Whale,12,
clip_00138.wav,Long-Finned_Pilot_Whale,15,
clip_00139.wav,Long-Finned_Pilot_Whale,15,
clip_00140.wav,Sperm_Whale,25,
clip_00141.wav,Frasers_Dolphin,9,
clip_00142.wav,Pantropical_Spotted_Dolphin,20,
clip_00143.wav,Pantropical_Spotted_Dolphin,20,
clip_00144.wav,Northern_Right_Whale,19,
clip_00145.wav,Narwhal,18,
clip_00146.wav,Northern_Right_Whale,19,
clip_00147.wav,Harp_Seal,11,
clip_00148.wav,Spinner_Dolphin,26,
clip_00149.wav,Pantropical_Spotted_Dolphin,20,
clip_00150.wav,Long-Finned_Pilot_Whale,15,
clip_00151.wav,False_Killer_Whale,7,
clip_00152.wav,Ross_Seal,21,
clip_00153.wav,Melon_Headed_Whale,16,
clip_00154.wav,Killer_Whale,13,
clip_00155.wav,Spinner_Dolphin,26,
clip_00156.wav,Short-Finned_Pacific_Pilot_Whale,23,
clip_00157.wav,Killer_Whale,13,
clip_00158.wav,Frasers_Dolphin,9,
clip_00159.wav,Rough-Toothed_Dolphin,22,
clip_00160.wav,Short-Finned_Pacific_Pilot_Whale,23,
clip_00161.wav,White-sided_Dolphin,31,
clip_00162.wav,Striped_Dolphin,27,
clip_00163.wav,Narwhal,18,
clip_00164.wav,Bottlenose_Dolphin,3,
clip_00165.wav,White-beaked_Dolphin,30,
clip_00166.wav,Striped_Dolphin,27,
clip_00167.wav,Sperm_Whale,25,
clip_00168.wav,Atlantic_Spotted_Dolphin,0,
clip_00169.wav,White-sided_Dolphin,31,
clip_00170.wav,Narwhal,18,
clip_00171.wav,"Fin,_Finback_Whale",8,
clip_00172.wav,Humpback_Whale,12,
clip_00173.wav,Sperm_Whale,25,
clip_00174.wav,"Grampus,_Rissos_Dolphin",10,
clip_00175.wav,Striped_Dolphin,27,
clip_00176.wav,Spinner_Dolphin,26,
clip_00177.wav,"Fin,_Finback_Whale",8,
clip_00178.wav,Frasers_Dolphin,9,
clip_00179.wav,Bearded_Seal,1,
clip_00180.wav,"Beluga,_White_Whale",2,
clip_00181.wav,Spinner_Dolphin,26,
clip_00182.wav,Melon_Headed_Whale,16,
clip_00183.wav,Frasers_Dolphin,9,
clip_00184.wav,Melon_Headed_Whale,16,
clip_00185.wav,White-beaked_Dolphin,30,
clip_00186.wav,Bowhead_Whale,4,
clip_00187.wav,Common_Dolphin,6,
clip_00188.wav,Bottlenose_Dolphin,3,
clip_00189.wav,Bowhead_Whale,4,
clip_00190.wav,Spinner_Dolphin,26,
clip_00191.wav,Striped_Dolphin,27,
clip_00192.wav,Melon_Headed_Whale,16,
clip_00193.wav,Leopard_Seal,14,
clip_00194.wav,White-beaked_Dolphin,30,
clip_00195.wav,Humpback_Whale,12,
clip_00196.wav,Bowhead_Whale,4,
clip_00197.wav,"Grampus,_Rissos_Dolphin",10,
clip_00198.wav,Harp_Seal,11,
clip_00199.wav,Sperm_Whale,25,
clip_00200.wav,White-beaked_Dolphin,30,
clip_00201.wav,Rough-Toothed_Dolphin,22,
clip_00202.wav,Short-Finned_Pacific_Pilot_Whale,23,
clip_00203.wav,Long-Finned_Pilot_Whale,15,
clip_00204.wav,Melon_Headed_Whale,16,
clip_00205.wav,Atlantic_Spotted_Dolphin,0,
clip_00206.wav,Southern_Right_Whale,24,
clip_00207.wav,Striped_Dolphin,27,
clip_00208.wav,Sperm_Whale,25,
clip_00209.wav,Short-Finned_Pacific_Pilot_Whale,23,
clip_00210.wav,Minke_Whale,17,
clip_00211.wav,Spinner_Dolphin,26,
clip_00212.wav,Killer_Whale,13,
clip_00213.wav,White-beaked_Dolphin,30,
clip_00214.wav,Clymene_Dolphin,5,
clip_00215.wav,Common_Dolphin,6,
clip_00216.wav,Leopard_Seal,14,
clip_00217.wav,Minke_Whale,17,
clip_00218.wav,Pantropical_Spotted_Dolphin,20,
clip_00219.wav,Humpback_Whale,12,
clip_00220.wav,Frasers_Dolphin,9,
clip_00221.wav,Walrus,28,
clip_00222.wav,Long-Finned_Pilot_Whale,15,
clip_00223.wav,"Beluga,_White_Whale",2,
clip_00224.wav,Narwhal,18,
clip_00225.wav,"Beluga,_White_Whale",2,
clip_00226.wav,Narwhal,18,
clip_00227.wav,"Fin,_Finback_Whale",8,
clip_00228.wav,Spinner_Dolphin,26,
clip_00229.wav,Minke_Whale,17,
clip_00230.wav,"Grampus,_Rissos_Dolphin",10,
clip_00231.wav,Striped_Dolphin,27,
clip_00232.wav,Spinner_Dolphin,26,
clip_00233.wav,Humpback_Whale,12,
clip_00234.wav,Spinner_Dolphin,26,
clip_00235.wav,Frasers_Dolphin,9,
clip_00236.wav,Clymene_Dolphin,5,
clip_00237.wav,White-sided_Dolphin,31,
clip_00238.wav,Long-Finned_Pilot_Whale,15,
clip_00239.wav,Short-Finned_Pacific_Pilot_Whale,23,
clip_00240.wav,Common_Dolphin,6,
clip_00241.wav,Rough-Toothed_Dolphin,22,
clip_00242.wav,Rough-Toothed_Dolphin,22,
clip_00243.wav,Walrus,28,
clip_00244.wav,White-beaked_Dolphin,30,
clip_00245.wav,"Grampus,_Rissos_Dolphin",10,
clip_00246.wav,Clymene_Dolphin,5,
clip_00247.wav,Ross_Seal,21,
clip_00248.wav,Sperm_Whale,25,
clip_00249.wav,Humpback_Whale,12,
clip_00250.wav,Humpback_Whale,12,
clip_00251.wav,Bearded_Seal,1,
clip_00252.wav,Bearded_Seal,1,
clip_00253.wav,Sperm_Whale,25,
clip_00254.wav,Rough-Toothed_Dolphin,22,
clip_00255.wav,Spinner_Dolphin,26,
clip_00256.wav,Striped_Dolphin,27,
clip_00257.wav,Spinner_Dolphin,26,
clip_00258.wav,Spinner_Dolphin,26,
clip_00259.wav,"Beluga,_White_Whale",2,
clip_00260.wav,Frasers_Dolphin,9,
clip_00261.wav,Spinner_Dolphin,26,
clip_00262.wav,White-sided_Dolphin,31,
clip_00263.wav,Frasers_Dolphin,9,
clip_00264.wav,Frasers_Dolphin,9,
clip_00265.wav,Spinner_Dolphin,26,
clip_00266.wav,Narwhal,18,
clip_00267.wav,White-sided_Dolphin,31,
clip_00268.wav,False_Killer_Whale,7,
clip_00269.wav,Frasers_Dolphin,9,
clip_00270.wav,Northern_Right_Whale,19,
clip_00271.wav,Spinner_Dolphin,26,
clip_00272.wav,Atlantic_Spotted_Dolphin,0,
clip_00273.wav,Long-Finned_Pilot_Whale,15,
clip_00274.wav,Atlantic_Spotted_Dolphin,0,
clip_00275.wav,Walrus,28,
clip_00276.wav,False_Killer_Whale,7,
clip_00277.wav,Rough-Toothed_Dolphin,22,
clip_00278.wav,Pantropical_Spotted_Dolphin,20,
clip_00279.wav,Sperm_Whale,25,
clip_00280.wav,Northern_Right_Whale,19,
clip_00281.wav,Humpback_Whale,12,
clip_00282.wav,"Beluga,_White_Whale",2,
clip_00283.wav,False_Killer_Whale,7,
clip_00284.wav,"Grampus,_Rissos_Dolphin",10,
clip_00285.wav,Harp_Seal,11,
clip_00286.wav,"Grampus,_Rissos_Dolphin",10,
clip_00287.wav,Clymene_Dolphin,5,
clip_00288.wav,Walrus,28,
clip_00289.wav,White-sided_Dolphin,31,
clip_00290.wav,Frasers_Dolphin,9,
clip_00291.wav,Humpback_Whale,12,
clip_00292.wav,Melon_Headed_Whale,16,
clip_00293.wav,Short-Finned_Pacific_Pilot_Whale,23,
clip_00294.wav,Short-Finned_Pacific_Pilot_Whale,23,
clip_00295.wav,Long-Finned_Pilot_Whale,15,
clip_00296.wav,Short-Finned_Pacific_Pilot_Whale,23,
clip_00297.wav,Humpback_Whale,12,
clip_00298.wav,"Beluga,_White_Whale",2,
clip_00299.wav,Frasers_Dolphin,9,
clip_00300.wav,Spinner_Dolphin,26,
clip_00301.wav,Harp_Seal,11,
clip_00302.wav,White-sided_Dolphin,31,
clip_00303.wav,Striped_Dolphin,27,
clip_00304.wav,"Fin,_Finback_Whale",8,
clip_00305.wav,Bearded_Seal,1,
clip_00306.wav,"Grampus,_Rissos_Dolphin",10,
clip_00307.wav,Striped_Dolphin,27,
clip_00308.wav,Ross_Seal,21,
clip_00309.wav,Clymene_Dolphin,5,
clip_00310.wav,Spinner_Dolphin,26,
clip_00311.wav,White-sided_Dolphin,31,
clip_00312.wav,Long-Finned_Pilot_Whale,15,
clip_00313.wav,Pantropical_Spotted_Dolphin,20,
clip_00314.wav,Frasers_Dolphin,9,
clip_00315.wav,White-sided_Dolphin,31,
clip_00316.wav,Striped_Dolphin,27,
clip_00317.wav,Long-Finned_Pilot_Whale,15,
clip_00318.wav,Clymene_Dolphin,5,
clip_00319.wav,Sperm_Whale,25,
clip_00320.wav,Spinner_Dolphin,26,
clip_00321.wav,Short-Finned_Pacific_Pilot_Whale,23,
clip_00322.wav,Melon_Headed_Whale,16,
clip_00323.wav,Walrus,28,
clip_00324.wav,Killer_Whale,13,
clip_00325.wav,White-sided_Dolphin,31,
clip_00326.wav,"Grampus,_Rissos_Dolphin",10,
clip_00327.wav,Pantropical_Spotted_Dolphin,20,
clip_00328.wav,Rough-Toothed_Dolphin,22,
clip_00329.wav,Pantropical_Spotted_Dolphin,20,
clip_00330.wav,"Beluga,_White_Whale",2,
clip_00331.wav,Bowhead_Whale,4,
clip_00332.wav,"Beluga,_White_Whale",2,
clip_00333.wav,Bowhead_Whale,4,
clip_00334.wav,Bowhead_Whale,4,
clip_00335.wav,Frasers_Dolphin,9,
clip_00336.wav,Spinner_Dolphin,26,
clip_00337.wav,"Beluga,_White_Whale",2,
clip_00338.wav,Pantropical_Spotted_Dolphin,20,
clip_00339.wav,Leopard_Seal,14,
clip_00340.wav,Spinner_Dolphin,26,
clip_00341.wav,Long-Finned_Pilot_Whale,15,
clip_00342.wav,Southern_Right_Whale,24,
clip_00343.wav,Northern_Right_Whale,19,
clip_00344.wav,Rough-Toothed_Dolphin,22,
clip_00345.wav,Ross_Seal,21,
clip_00346.wav,Melon_Headed_Whale,16,
clip_00347.wav,Humpback_Whale,12,
clip_00348.wav,Common_Dolphin,6,
clip_00349.wav,False_Killer_Whale,7,
clip_00350.wav,Narwhal,18,
clip_00351.wav,Striped_Dolphin,27,
clip_00352.wav,False_Killer_Whale,7,
clip_00353.wav,Narwhal,18,
clip_00354.wav,Sperm_Whale,25,
clip_00355.wav,Atlantic_Spotted_Dolphin,0,
clip_00356.wav,Southern_Right_Whale,24,
clip_00357.wav,"Grampus,_Rissos_Dolphin",10,
clip_00358.wav,Spinner_Dolphin,26,
clip_00359.wav,Pantropical_Spotted_Dolphin,20,
clip_00360.wav,Melon_Headed_Whale,16,
clip_00361.wav,"Beluga,_White_Whale",2,
clip_00362.wav,Ross_Seal,21,
clip_00363.wav,Clymene_Dolphin,5,
clip_00364.wav,Southern_Right_Whale,24,
clip_00365.wav,Atlantic_Spotted_Dolphin,0,
clip_00366.wav,"Beluga,_White_Whale",2,
clip_00367.wav,Clymene_Dolphin,5,
clip_00368.wav,Walrus,28,
clip_00369.wav,Short-Finned_Pacific_Pilot_Whale,23,
clip_00370.wav,Spinner_Dolphin,26,
clip_00371.wav,Spinner_Dolphin,26,
clip_00372.wav,Rough-Toothed_Dolphin,22,
clip_00373.wav,Spinner_Dolphin,26,
clip_00374.wav,Common_Dolphin,6,
clip_00375.wav,Spinner_Dolphin,26,
clip_00376.wav,White-sided_Dolphin,31,
clip_00377.wav,"Fin,_Finback_Whale",8,
clip_00378.wav,Rough-Toothed_Dolphin,22,
clip_00379.wav,Spinner_Dolphin,26,
clip_00380.wav,Short-Finned_Pacific_Pilot_Whale,23,
clip_00381.wav,Striped_Dolphin,27,
clip_00382.wav,False_Killer_Whale,7,
clip_00383.wav,Harp_Seal,11,
clip_00384.wav,Short-Finned_Pacific_Pilot_Whale,23,
clip_00385.wav,White-sided_Dolphin,31,
clip_00386.wav,Atlantic_Spotted_Dolphin,0,
clip_00387.wav,Minke_Whale,17,
clip_00388.wav,Clymene_Dolphin,5,
clip_00389.wav,Frasers_Dolphin,9,
clip_00390.wav,Frasers_Dolphin,9,
clip_00391.wav,Atlantic_Spotted_Dolphin,0,
clip_00392.wav,Bowhead_Whale,4,
clip_00393.wav,Common_Dolphin,6,
clip_00394.wav,"Grampus,_Rissos_Dolphin",10,
clip_00395.wav,Minke_Whale,17,
clip_00396.wav,Long-Finned_Pilot_Whale,15,
clip_00397.wav,Minke_Whale,17,
clip_00398.wav,White-sided_Dolphin,31,
clip_00399.wav,"Fin,_Finback_Whale",8,
clip_00400.wav,Narwhal,18,
clip_00401.wav,Common_Dolphin,6,
clip_00402.wav,Pantropical_Spotted_Dolphin,20,
clip_00403.wav,Leopard_Seal,14,
clip_00404.wav,Striped_Dolphin,27,
clip_00405.wav,Pantropical_Spotted_Dolphin,20,
clip_00406.wav,Rough-Toothed_Dolphin,22,
clip_00407.wav,Spinner_Dolphin,26,
clip_00408.wav,Short-Finned_Pacific_Pilot_Whale,23,
clip_00409.wav,Frasers_Dolphin,9,
clip_00410.wav,"Grampus,_Rissos_Dolphin",10,
clip_00411.wav,Long-Finned_Pilot_Whale,15,
clip_00412.wav,Northern_Right_Whale,19,
clip_00413.wav,Long-Finned_Pilot_Whale,15,
clip_00414.wav,Clymene_Dolphin,5,
clip_00415.wav,Humpback_Whale,12,
clip_00416.wav,Atlantic_Spotted_Dolphin,0,
clip_00417.wav,Spinner_Dolphin,26,
clip_00418.wav,Striped_Dolphin,27,
clip_00419.wav,Spinner_Dolphin,26,
clip_00420.wav,Harp_Seal,11,
clip_00421.wav,Spinner_Dolphin,26,
clip_00422.wav,White-beaked_Dolphin,30,
clip_00423.wav,Melon_Headed_Whale,16,
clip_00424.wav,Frasers_Dolphin,9,
clip_00425.wav,Melon_Headed_Whale,16,
clip_00426.wav,"Fin,_Finback_Whale",8,
clip_00427.wav,Harp_Seal,11,
clip_00428.wav,Spinner_Dolphin,26,
clip_00429.wav,False_Killer_Whale,7,
clip_00430.wav,Humpback_Whale,12,
clip_00431.wav,Killer_Whale,13,
clip_00432.wav,Atlantic_Spotted_Dolphin,0,
clip_00433.wav,Humpback_Whale,12,
clip_00434.wav,Striped_Dolphin,27,
clip_00435.wav,Atlantic_Spotted_Dolphin,0,
clip_00436.wav,Melon_Headed_Whale,16,
clip_00437.wav,Clymene_Dolphin,5,
clip_00438.wav,Ross_Seal,21,
clip_00439.wav,"Beluga,_White_Whale",2,
clip_00440.wav,Long-Finned_Pilot_Whale,15,
clip_00441.wav,Melon_Headed_Whale,16,
clip_00442.wav,Clymene_Dolphin,5,
clip_00443.wav,Clymene_Dolphin,5,
clip_00444.wav,Bowhead_Whale,4,
clip_00445.wav,Ross_Seal,21,
clip_00446.wav,Clymene_Dolphin,5,
clip_00447.wav,Sperm_Whale,25,
clip_00448.wav,Striped_Dolphin,27,
clip_00449.wav,Short-Finned_Pacific_Pilot_Whale,23,
clip_00450.wav,Long-Finned_Pilot_Whale,15,
clip_00451.wav,Narwhal,18,
clip_00452.wav,Atlantic_Spotted_Dolphin,0,
clip_00453.wav,Striped_Dolphin,27,
clip_00454.wav,Humpback_Whale,12,
clip_00455.wav,Striped_Dolphin,27,
clip_00456.wav,Clymene_Dolphin,5,
clip_00457.wav,"Grampus,_Rissos_Dolphin",10,
clip_00458.wav,Sperm_Whale,25,
clip_00459.wav,Rough-Toothed_Dolphin,22,
clip_00460.wav,"Grampus,_Rissos_Dolphin",10,
clip_00461.wav,Spinner_Dolphin,26,
clip_00462.wav,Bearded_Seal,1,
clip_00463.wav,Spinner_Dolphin,26,
clip_00464.wav,Sperm_Whale,25,
clip_00465.wav,Long-Finned_Pilot_Whale,15,
clip_00466.wav,Common_Dolphin,6,
clip_00467.wav,Long-Finned_Pilot_Whale,15,
clip_00468.wav,White-beaked_Dolphin,30,
clip_00469.wav,Common_Dolphin,6,
clip_00470.wav,Atlantic_Spotted_Dolphin,0,
clip_00471.wav,Sperm_Whale,25,
clip_00472.wav,Northern_Right_Whale,19,
clip_00473.wav,Bottlenose_Dolphin,3,
clip_00474.wav,Common_Dolphin,6,
clip_00475.wav,Northern_Right_Whale,19,
clip_00476.wav,"Fin,_Finback_Whale",8,
clip_00477.wav,Harp_Seal,11,
clip_00478.wav,Striped_Dolphin,27,
clip_00479.wav,Sperm_Whale,25,
clip_00480.wav,Sperm_Whale,25,
clip_00481.wav,Frasers_Dolphin,9,
clip_00482.wav,Northern_Right_Whale,19,
clip_00483.wav,Killer_Whale,13,
clip_00484.wav,Walrus,28,
clip_00485.wav,Common_Dolphin,6,
clip_00486.wav,Clymene_Dolphin,5,
clip_00487.wav,Spinner_Dolphin,26,
clip_00488.wav,Short-Finned_Pacific_Pilot_Whale,23,
clip_00489.wav,Northern_Right_Whale,19,
clip_00490.wav,Weddell_Seal,29,
clip_00491.wav,"Fin,_Finback_Whale",8,
clip_00492.wav,"Grampus,_Rissos_Dolphin",10,
clip_00493.wav,Spinner_Dolphin,26,
clip_00494.wav,Short-Finned_Pacific_Pilot_Whale,23,
clip_00495.wav,Ross_Seal,21,
clip_00496.wav,False_Killer_Whale,7,
clip_00497.wav,Bottlenose_Dolphin,3,
clip_00498.wav,Atlantic_Spotted_Dolphin,0,
clip_00499.wav,Frasers_Dolphin,9,
clip_00500.wav,White-sided_Dolphin,31,
clip_00501.wav,Striped_Dolphin,27,
clip_00502.wav,White-sided_Dolphin,31,
clip_00503.wav,Killer_Whale,13,
clip_00504.wav,Harp_Seal,11,
clip_00505.wav,Melon_Headed_Whale,16,
clip_00506.wav,Atlantic_Spotted_Dolphin,0,
clip_00507.wav,Frasers_Dolphin,9,
clip_00508.wav,Melon_Headed_Whale,16,
clip_00509.wav,False_Killer_Whale,7,
clip_00510.wav,Common_Dolphin,6,
clip_00511.wav,Clymene_Dolphin,5,
clip_00512.wav,Spinner_Dolphin,26,
clip_00513.wav,Striped_Dolphin,27,
clip_00514.wav,"Fin,_Finback_Whale",8,
clip_00515.wav,Killer_Whale,13,
clip_00516.wav,Harp_Seal,11,
clip_00517.wav,Rough-Toothed_Dolphin,22,
clip_00518.wav,False_Killer_Whale,7,
clip_00519.wav,Spinner_Dolphin,26,
clip_00520.wav,Walrus,28,
clip_00521.wav,Clymene_Dolphin,5,
clip_00522.wav,Short-Finned_Pacific_Pilot_Whale,23,
clip_00523.wav,False_Killer_Whale,7,
clip_00524.wav,Narwhal,18,
clip_00525.wav,Humpback_Whale,12,
clip_00526.wav,Common_Dolphin,6,
clip_00527.wav,Bowhead_Whale,4,
clip_00528.wav,Long-Finned_Pilot_Whale,15,
clip_00529.wav,Striped_Dolphin,27,
clip_00530.wav,Spinner_Dolphin,26,
clip_00531.wav,Humpback_Whale,12,
clip_00532.wav,Pantropical_Spotted_Dolphin,20,
clip_00533.wav,Humpback_Whale,12,
clip_00534.wav,Atlantic_Spotted_Dolphin,0,
clip_00535.wav,Short-Finned_Pacific_Pilot_Whale,23,
clip_00536.wav,Short-Finned_Pacific_Pilot_Whale,23,
clip_00537.wav,Clymene_Dolphin,5,
clip_00538.wav,Short-Finned_Pacific_Pilot_Whale,23,
clip_00539.wav,Sperm_Whale,25,
clip_00540.wav,False_Killer_Whale,7,
clip_00541.wav,Northern_Right_Whale,19,
clip_00542.wav,Northern_Right_Whale,19,
clip_00543.wav,Bowhead_Whale,4,
clip_00544.wav,Striped_Dolphin,27,
clip_00545.wav,"Fin,_Finback_Whale",8,
clip_00546.wav,False_Killer_Whale,7,
clip_00547.wav,Bowhead_Whale,4,
clip_00548.wav,"Beluga,_White_Whale",2,
clip_00549.wav,White-sided_Dolphin,31,
clip_00550.wav,Clymene_Dolphin,5,
clip_00551.wav,Common_Dolphin,6,
clip_00552.wav,Northern_Right_Whale,19,
clip_00553.wav,Short-Finned_Pacific_Pilot_Whale,23,
clip_00554.wav,Bottlenose_Dolphin,3,
clip_00555.wav,Bowhead_Whale,4,
clip_00556.wav,Ross_Seal,21,
clip_00557.wav,Spinner_Dolphin,26,
clip_00558.wav,Short-Finned_Pacific_Pilot_Whale,23,
clip_00559.wav,Walrus,28,
clip_00560.wav,Northern_Right_Whale,19,
clip_00561.wav,Rough-Toothed_Dolphin,22,
clip_00562.wav,Short-Finned_Pacific_Pilot_Whale,23,
clip_00563.wav,Leopard_Seal,14,
clip_00564.wav,Killer_Whale,13,
clip_00565.wav,Bottlenose_Dolphin,3,
clip_00566.wav,Clymene_Dolphin,5,
clip_00567.wav,Bowhead_Whale,4,
clip_00568.wav,Minke_Whale,17,
clip_00569.wav,Rough-Toothed_Dolphin,22,
clip_00570.wav,"Beluga,_White_Whale",2,
clip_00571.wav,White-sided_Dolphin,31,
clip_00572.wav,Atlantic_Spotted_Dolphin,0,
clip_00573.wav,Striped_Dolphin,27,
clip_00574.wav,Frasers_Dolphin,9,
clip_00575.wav,Sperm_Whale,25,
clip_00576.wav,Rough-Toothed_Dolphin,22,
clip_00577.wav,"Fin,_Finback_Whale",8,
clip_00578.wav,"Grampus,_Rissos_Dolphin",10,
clip_00579.wav,"Grampus,_Rissos_Dolphin",10,
clip_00580.wav,Killer_Whale,13,
clip_00581.wav,Frasers_Dolphin,9,
clip_00582.wav,Minke_Whale,17,
clip_00583.wav,Narwhal,18,
clip_00584.wav,Bowhead_Whale,4,
clip_00585.wav,Spinner_Dolphin,26,
clip_00586.wav,Bowhead_Whale,4,
clip_00587.wav,Sperm_Whale,25,
clip_00588.wav,Long-Finned_Pilot_Whale,15,
clip_00589.wav,Killer_Whale,13,
clip_00590.wav,Sperm_Whale,25,
clip_00591.wav,False_Killer_Whale,7,
clip_00592.wav,Pantropical_Spotted_Dolphin,20,
clip_00593.wav,"Grampus,_Rissos_Dolphin",10,
clip_00594.wav,Striped_Dolphin,27,
clip_00595.wav,Killer_Whale,13,
clip_00596.wav,Frasers_Dolphin,9,
clip_00597.wav,Northern_Right_Whale,19,
clip_00598.wav,Long-Finned_Pilot_Whale,15,
clip_00599.wav,Bowhead_Whale,4,
clip_00600.wav,Spinner_Dolphin,26,
clip_00601.wav,Bowhead_Whale,4,
clip_00602.wav,White-sided_Dolphin,31,
clip_00603.wav,White-beaked_Dolphin,30,
clip_00604.wav,Spinner_Dolphin,26,
clip_00605.wav,False_Killer_Whale,7,
clip_00606.wav,Humpback_Whale,12,
clip_00607.wav,Short-Finned_Pacific_Pilot_Whale,23,
clip_00608.wav,Spinner_Dolphin,26,
clip_00609.wav,Killer_Whale,13,
clip_00610.wav,Long-Finned_Pilot_Whale,15,
clip_00611.wav,"Beluga,_White_Whale",2,
clip_00612.wav,Narwhal,18,
clip_00613.wav,Spinner_Dolphin,26,
clip_00614.wav,Frasers_Dolphin,9,
clip_00615.wav,Frasers_Dolphin,9,
clip_00616.wav,Bowhead_Whale,4,
clip_00617.wav,Sperm_Whale,25,
clip_00618.wav,White-sided_Dolphin,31,
clip_00619.wav,"Grampus,_Rissos_Dolphin",10,
clip_00620.wav,Pantropical_Spotted_Dolphin,20,
clip_00621.wav,Harp_Seal,11,
clip_00622.wav,"Beluga,_White_Whale",2,
clip_00623.wav,Narwhal,18,
clip_00624.wav,Northern_Right_Whale,19,
clip_00625.wav,White-beaked_Dolphin,30,
clip_00626.wav,White-sided_Dolphin,31,
clip_00627.wav,Narwhal,18,
clip_00628.wav,Sperm_Whale,25,
clip_00629.wav,Frasers_Dolphin,9,
clip_00630.wav,Harp_Seal,11,
clip_00631.wav,Striped_Dolphin,27,
clip_00632.wav,Pantropical_Spotted_Dolphin,20,
clip_00633.wav,Rough-Toothed_Dolphin,22,
clip_00634.wav,Atlantic_Spotted_Dolphin,0,
clip_00635.wav,Common_Dolphin,6,
clip_00636.wav,Southern_Right_Whale,24,
clip_00637.wav,Atlantic_Spotted_Dolphin,0,
clip_00638.wav,Striped_Dolphin,27,
clip_00639.wav,Bowhead_Whale,4,
clip_00640.wav,Southern_Right_Whale,24,
clip_00641.wav,White-beaked_Dolphin,30,
clip_00642.wav,Long-Finned_Pilot_Whale,15,
clip_00643.wav,Sperm_Whale,25,
clip_00644.wav,Atlantic_Spotted_Dolphin,0,
clip_00645.wav,Humpback_Whale,12,
clip_00646.wav,Bearded_Seal,1,
clip_00647.wav,"Grampus,_Rissos_Dolphin",10,
clip_00648.wav,Pantropical_Spotted_Dolphin,20,
clip_00649.wav,Striped_Dolphin,27,
clip_00650.wav,Short-Finned_Pacific_Pilot_Whale,23,
clip_00651.wav,Long-Finned_Pilot_Whale,15,
clip_00652.wav,Sperm_Whale,25,
clip_00653.wav,Ross_Seal,21,
clip_00654.wav,Bowhead_Whale,4,
clip_00655.wav,Sperm_Whale,25,
clip_00656.wav,White-beaked_Dolphin,30,
clip_00657.wav,White-sided_Dolphin,31,
clip_00658.wav,Pantropical_Spotted_Dolphin,20,
clip_00659.wav,Short-Finned_Pacific_Pilot_Whale,23,
clip_00660.wav,"Fin,_Finback_Whale",8,
clip_00661.wav,Atlantic_Spotted_Dolphin,0,
clip_00662.wav,Clymene_Dolphin,5,
clip_00663.wav,White-beaked_Dolphin,30,
clip_00664.wav,Striped_Dolphin,27,
clip_00665.wav,Pantropical_Spotted_Dolphin,20,
clip_00666.wav,Frasers_Dolphin,9,
clip_00667.wav,Walrus,28,
clip_00668.wav,Harp_Seal,11,
clip_00669.wav,Long-Finned_Pilot_Whale,15,
clip_00670.wav,"Fin,_Finback_Whale",8,
clip_00671.wav,Bearded_Seal,1,
clip_00672.wav,Frasers_Dolphin,9,
clip_00673.wav,Bearded_Seal,1,
clip_00674.wav,Frasers_Dolphin,9,
clip_00675.wav,Narwhal,18,
clip_00676.wav,White-beaked_Dolphin,30,
clip_00677.wav,Southern_Right_Whale,24,
clip_00678.wav,Sperm_Whale,25,
clip_00679.wav,False_Killer_Whale,7,
clip_00680.wav,Northern_Right_Whale,19,
clip_00681.wav,Atlantic_Spotted_Dolphin,0,
clip_00682.wav,Spinner_Dolphin,26,
clip_00683.wav,Atlantic_Spotted_Dolphin,0,
clip_00684.wav,"Fin,_Finback_Whale",8,
clip_00685.wav,Rough-Toothed_Dolphin,22,
clip_00686.wav,Bottlenose_Dolphin,3,
clip_00687.wav,Melon_Headed_Whale,16,
clip_00688.wav,Harp_Seal,11,
clip_00689.wav,Long-Finned_Pilot_Whale,15,
clip_00690.wav,False_Killer_Whale,7,
clip_00691.wav,Harp_Seal,11,
clip_00692.wav,Atlantic_Spotted_Dolphin,0,
clip_00693.wav,Frasers_Dolphin,9,
clip_00694.wav,Melon_Headed_Whale,16,
clip_00695.wav,Atlantic_Spotted_Dolphin,0,
clip_00696.wav,Frasers_Dolphin,9,
clip_00697.wav,Frasers_Dolphin,9,
clip_00698.wav,Melon_Headed_Whale,16,
clip_00699.wav,Melon_Headed_Whale,16,
clip_00700.wav,Humpback_Whale,12,
clip_00701.wav,Bearded_Seal,1,
clip_00702.wav,False_Killer_Whale,7,
clip_00703.wav,Long-Finned_Pilot_Whale,15,
clip_00704.wav,Melon_Headed_Whale,16,
clip_00705.wav,Melon_Headed_Whale,16,
clip_00706.wav,Killer_Whale,13,
clip_00707.wav,Atlantic_Spotted_Dolphin,0,
clip_00708.wav,Northern_Right_Whale,19,
clip_00709.wav,Bottlenose_Dolphin,3,
clip_00710.wav,Killer_Whale,13,
clip_00711.wav,Harp_Seal,11,
clip_00712.wav,Southern_Right_Whale,24,
clip_00713.wav,Spinner_Dolphin,26,
clip_00714.wav,Spinner_Dolphin,26,
clip_00715.wav,"Grampus,_Rissos_Dolphin",10,
clip_00716.wav,"Grampus,_Rissos_Dolphin",10,
clip_00717.wav,Humpback_Whale,12,
clip_00718.wav,Humpback_Whale,12,
clip_00719.wav,Clymene_Dolphin,5,
clip_00720.wav,Atlantic_Spotted_Dolphin,0,
clip_00721.wav,Bottlenose_Dolphin,3,
clip_00722.wav,"Fin,_Finback_Whale",8,
clip_00723.wav,Spinner_Dolphin,26,
clip_00724.wav,Bearded_Seal,1,
clip_00725.wav,"Grampus,_Rissos_Dolphin",10,
clip_00726.wav,White-sided_Dolphin,31,
clip_00727.wav,Common_Dolphin,6,
clip_00728.wav,Bearded_Seal,1,
clip_00729.wav,False_Killer_Whale,7,
clip_00730.wav,Bearded_Seal,1,
clip_00731.wav,Atlantic_Spotted_Dolphin,0,
clip_00732.wav,False_Killer_Whale,7,
clip_00733.wav,Rough-Toothed_Dolphin,22,
clip_00734.wav,"Fin,_Finback_Whale",8,
clip_00735.wav,Sperm_Whale,25,
clip_00736.wav,Common_Dolphin,6,
clip_00737.wav,Spinner_Dolphin,26,
clip_00738.wav,White-sided_Dolphin,31,
clip_00739.wav,Melon_Headed_Whale,16,
clip_00740.wav,False_Killer_Whale,7,
clip_00741.wav,White-beaked_Dolphin,30,
clip_00742.wav,Killer_Whale,13,
clip_00743.wav,False_Killer_Whale,7,
clip_00744.wav,Spinner_Dolphin,26,
clip_00745.wav,Narwhal,18,
clip_00746.wav,Atlantic_Spotted_Dolphin,0,
clip_00747.wav,Frasers_Dolphin,9,
clip_00748.wav,Sperm_Whale,25,
clip_00749.wav,White-sided_Dolphin,31,
clip_00750.wav,Long-Finned_Pilot_Whale,15,
clip_00751.wav,Long-Finned_Pilot_Whale,15,
clip_00752.wav,"Fin,_Finback_Whale",8,
clip_00753.wav,Striped_Dolphin,27,
clip_00754.wav,White-beaked_Dolphin,30,
clip_00755.wav,Bottlenose_Dolphin,3,
clip_00756.wav,Spinner_Dolphin,26,
clip_00757.wav,Walrus,28,
clip_00758.wav,Common_Dolphin,6,
clip_00759.wav,Common_Dolphin,6,
clip_00760.wav,Melon_Headed_Whale,16,
clip_00761.wav,Sperm_Whale,25,
clip_00762.wav,Pantropical_Spotted_Dolphin,20,
clip_00763.wav,Melon_Headed_Whale,16,
clip_00764.wav,Killer_Whale,13,
clip_00765.wav,Southern_Right_Whale,24,
clip_00766.wav,Rough-Toothed_Dolphin,22,
clip_00767.wav,Striped_Dolphin,27,
clip_00768.wav,White-sided_Dolphin,31,
clip_00769.wav,Sperm_Whale,25,
clip_00770.wav,Humpback_Whale,12,
clip_00771.wav,Humpback_Whale,12,
clip_00772.wav,Short-Finned_Pacific_Pilot_Whale,23,
clip_00773.wav,Northern_Right_Whale,19,
clip_00774.wav,Sperm_Whale,25,
clip_00775.wav,Clymene_Dolphin,5,
clip_00776.wav,Ross_Seal,21,
clip_00777.wav,Humpback_Whale,12,
clip_00778.wav,False_Killer_Whale,7,
clip_00779.wav,Frasers_Dolphin,9,
clip_00780.wav,"Grampus,_Rissos_Dolphin",10,
clip_00781.wav,Clymene_Dolphin,5,
clip_00782.wav,Walrus,28,
clip_00783.wav,Humpback_Whale,12,
clip_00784.wav,Ross_Seal,21,
clip_00785.wav,Striped_Dolphin,27,
clip_00786.wav,Short-Finned_Pacific_Pilot_Whale,23,
clip_00787.wav,Sperm_Whale,25,
clip_00788.wav,White-sided_Dolphin,31,
clip_00789.wav,White-sided_Dolphin,31,
clip_00790.wav,Ross_Seal,21,
clip_00791.wav,Pantropical_Spotted_Dolphin,20,
clip_00792.wav,Long-Finned_Pilot_Whale,15,
clip_00793.wav,Bearded_Seal,1,
clip_00794.wav,Humpback_Whale,12,
clip_00795.wav,White-sided_Dolphin,31,
clip_00796.wav,Bowhead_Whale,4,
clip_00797.wav,Long-Finned_Pilot_Whale,15,
clip_00798.wav,Ross_Seal,21,
clip_00799.wav,Melon_Headed_Whale,16,
clip_00800.wav,Short-Finned_Pacific_Pilot_Whale,23,
clip_00801.wav,Bottlenose_Dolphin,3,
clip_00802.wav,Narwhal,18,
clip_00803.wav,Atlantic_Spotted_Dolphin,0,
clip_00804.wav,White-beaked_Dolphin,30,
clip_00805.wav,Frasers_Dolphin,9,
clip_00806.wav,White-beaked_Dolphin,30,
clip_00807.wav,Harp_Seal,11,
clip_00808.wav,Short-Finned_Pacific_Pilot_Whale,23,
clip_00809.wav,Walrus,28,
clip_00810.wav,Melon_Headed_Whale,16,
clip_00811.wav,Bowhead_Whale,4,
clip_00812.wav,Frasers_Dolphin,9,
clip_00813.wav,Ross_Seal,21,
clip_00814.wav,"Grampus,_Rissos_Dolphin",10,
clip_00815.wav,Walrus,28,
clip_00816.wav,Narwhal,18,
clip_00817.wav,Spinner_Dolphin,26,
clip_00818.wav,Northern_Right_Whale,19,
clip_00819.wav,Ross_Seal,21,
clip_00820.wav,Common_Dolphin,6,
clip_00821.wav,Bowhead_Whale,4,
clip_00822.wav,Striped_Dolphin,27,
clip_00823.wav,Long-Finned_Pilot_Whale,15,
clip_00824.wav,False_Killer_Whale,7,
clip_00825.wav,Northern_Right_Whale,19,
clip_00826.wav,Narwhal,18,
clip_00827.wav,Bottlenose_Dolphin,3,
clip_00828.wav,White-beaked_Dolphin,30,
clip_00829.wav,Striped_Dolphin,27,
clip_00830.wav,Clymene_Dolphin,5,
clip_00831.wav,Melon_Headed_Whale,16,
clip_00832.wav,Striped_Dolphin,27,
clip_00833.wav,Spinner_Dolphin,26,
clip_00834.wav,Striped_Dolphin,27,
clip_00835.wav,White-beaked_Dolphin,30,
clip_00836.wav,Pantropical_Spotted_Dolphin,20,
clip_00837.wav,Atlantic_Spotted_Dolphin,0,
clip_00838.wav,White-beaked_Dolphin,30,
clip_00839.wav,Long-Finned_Pilot_Whale,15,
clip_00840.wav,Frasers_Dolphin,9,
clip_00841.wav,Harp_Seal,11,
clip_00842.wav,Frasers_Dolphin,9,
clip_00843.wav,Bowhead_Whale,4,
clip_00844.wav,Rough-Toothed_Dolphin,22,
clip_00845.wav,Narwhal,18,
clip_00846.wav,Striped_Dolphin,27,
clip_00847.wav,Humpback_Whale,12,
clip_00848.wav,White-beaked_Dolphin,30,
clip_00849.wav,Spinner_Dolphin,26,
clip_00850.wav,Rough-Toothed_Dolphin,22,
clip_00851.wav,Long-Finned_Pilot_Whale,15,
clip_00852.wav,Spinner_Dolphin,26,
clip_00853.wav,Bowhead_Whale,4,
clip_00854.wav,Humpback_Whale,12,
clip_00855.wav,Frasers_Dolphin,9,
clip_00856.wav,Melon_Headed_Whale,16,
clip_00857.wav,Spinner_Dolphin,26,
clip_00858.wav,White-sided_Dolphin,31,
clip_00859.wav,Striped_Dolphin,27,
clip_00860.wav,Narwhal,18,
clip_00861.wav,Killer_Whale,13,
clip_00862.wav,Striped_Dolphin,27,
clip_00863.wav,Bowhead_Whale,4,
clip_00864.wav,White-beaked_Dolphin,30,
clip_00865.wav,Sperm_Whale,25,
clip_00866.wav,Killer_Whale,13,
clip_00867.wav,White-sided_Dolphin,31,
clip_00868.wav,Frasers_Dolphin,9,
clip_00869.wav,Bearded_Seal,1,
clip_00870.wav,"Grampus,_Rissos_Dolphin",10,
clip_00871.wav,Striped_Dolphin,27,
clip_00872.wav,Northern_Right_Whale,19,
clip_00873.wav,Atlantic_Spotted_Dolphin,0,
clip_00874.wav,Sperm_Whale,25,
clip_00875.wav,Short-Finned_Pacific_Pilot_Whale,23,
clip_00876.wav,Common_Dolphin,6,
clip_00877.wav,Rough-Toothed_Dolphin,22,
clip_00878.wav,Frasers_Dolphin,9,
clip_00879.wav,Killer_Whale,13,
clip_00880.wav,Short-Finned_Pacific_Pilot_Whale,23,
clip_00881.wav,"Grampus,_Rissos_Dolphin",10,
clip_00882.wav,Frasers_Dolphin,9,
clip_00883.wav,Striped_Dolphin,27,
clip_00884.wav,Bottlenose_Dolphin,3,
clip_00885.wav,Pantropical_Spotted_Dolphin,20,
clip_00886.wav,Melon_Headed_Whale,16,
clip_00887.wav,Bowhead_Whale,4,
clip_00888.wav,Humpback_Whale,12,
clip_00889.wav,Bearded_Seal,1,
clip_00890.wav,Humpback_Whale,12,
clip_00891.wav,Striped_Dolphin,27,
clip_00892.wav,Melon_Headed_Whale,16,
clip_00893.wav,"Beluga,_White_Whale",2,
clip_00894.wav,Long-Finned_Pilot_Whale,15,
clip_00895.wav,Spinner_Dolphin,26,
clip_00896.wav,False_Killer_Whale,7,
clip_00897.wav,White-sided_Dolphin,31,
clip_00898.wav,Atlantic_Spotted_Dolphin,0,
clip_00899.wav,Spinner_Dolphin,26,
clip_00900.wav,"Fin,_Finback_Whale",8,
clip_00901.wav,Sperm_Whale,25,
clip_00902.wav,Common_Dolphin,6,
clip_00903.wav,Melon_Headed_Whale,16,
clip_00904.wav,Sperm_Whale,25,
clip_00905.wav,Harp_Seal,11,
clip_00906.wav,Bearded_Seal,1,
clip_00907.wav,White-beaked_Dolphin,30,
clip_00908.wav,Narwhal,18,
clip_00909.wav,Frasers_Dolphin,9,
clip_00910.wav,Narwhal,18,
clip_00911.wav,Clymene_Dolphin,5,
clip_00912.wav,"Beluga,_White_Whale",2,
clip_00913.wav,Spinner_Dolphin,26,
clip_00914.wav,Clymene_Dolphin,5,
clip_00915.wav,Spinner_Dolphin,26,
clip_00916.wav,"Fin,_Finback_Whale",8,
clip_00917.wav,Striped_Dolphin,27,
clip_00918.wav,False_Killer_Whale,7,
clip_00919.wav,Clymene_Dolphin,5,
clip_00920.wav,False_Killer_Whale,7,
clip_00921.wav,Frasers_Dolphin,9,
clip_00922.wav,White-sided_Dolphin,31,
clip_00923.wav,Melon_Headed_Whale,16,
clip_00924.wav,Ross_Seal,21,
clip_00925.wav,Frasers_Dolphin,9,
clip_00926.wav,Minke_Whale,17,
clip_00927.wav,Spinner_Dolphin,26,
clip_00928.wav,"Fin,_Finback_Whale",8,
clip_00929.wav,Frasers_Dolphin,9,
clip_00930.wav,False_Killer_Whale,7,
clip_00931.wav,Harp_Seal,11,
clip_00932.wav,Melon_Headed_Whale,16,
clip_00933.wav,Walrus,28,
clip_00934.wav,Clymene_Dolphin,5,
clip_00935.wav,Clymene_Dolphin,5,
clip_00936.wav,Northern_Right_Whale,19,
clip_00937.wav,Sperm_Whale,25,
clip_00938.wav,Humpback_Whale,12,
clip_00939.wav,"Grampus,_Rissos_Dolphin",10,
clip_00940.wav,Bowhead_Whale,4,
clip_00941.wav,Short-Finned_Pacific_Pilot_Whale,23,
clip_00942.wav,Atlantic_Spotted_Dolphin,0,
clip_00943.wav,Killer_Whale,13,
clip_00944.wav,"Grampus,_Rissos_Dolphin",10,
clip_00945.wav,Pantropical_Spotted_Dolphin,20,
clip_00946.wav,False_Killer_Whale,7,
clip_00947.wav,Rough-Toothed_Dolphin,22,
clip_00948.wav,Striped_Dolphin,27,
clip_00949.wav,White-sided_Dolphin,31,
clip_00950.wav,Bearded_Seal,1,
clip_00951.wav,Ross_Seal,21,
clip_00952.wav,Harp_Seal,11,
clip_00953.wav,Bearded_Seal,1,
clip_00954.wav,Narwhal,18,
clip_00955.wav,"Beluga,_White_Whale",2,
clip_00956.wav,Frasers_Dolphin,9,
clip_00957.wav,Sperm_Whale,25,
clip_00958.wav,False_Killer_Whale,7,
clip_00959.wav,Frasers_Dolphin,9,
clip_00960.wav,Sperm_Whale,25,
clip_00961.wav,Bowhead_Whale,4,
clip_00962.wav,Bowhead_Whale,4,
clip_00963.wav,Harp_Seal,11,
clip_00964.wav,Clymene_Dolphin,5,
clip_00965.wav,Ross_Seal,21,
clip_00966.wav,Minke_Whale,17,
clip_00967.wav,"Beluga,_White_Whale",2,
clip_00968.wav,Northern_Right_Whale,19,
clip_00969.wav,Harp_Seal,11,
clip_00970.wav,Frasers_Dolphin,9,
clip_00971.wav,"Grampus,_Rissos_Dolphin",10,
clip_00972.wav,Walrus,28,
clip_00973.wav,Northern_Right_Whale,19,
clip_00974.wav,"Beluga,_White_Whale",2,
clip_00975.wav,Southern_Right_Whale,24,
clip_00976.wav,Narwhal,18,
clip_00977.wav,"Grampus,_Rissos_Dolphin",10,
clip_00978.wav,"Fin,_Finback_Whale",8,
clip_00979.wav,Clymene_Dolphin,5,
clip_00980.wav,Rough-Toothed_Dolphin,22,
clip_00981.wav,Humpback_Whale,12,
clip_00982.wav,Striped_Dolphin,27,
clip_00983.wav,Frasers_Dolphin,9,
clip_00984.wav,Common_Dolphin,6,
clip_00985.wav,Atlantic_Spotted_Dolphin,0,
clip_00986.wav,Pantropical_Spotted_Dolphin,20,
clip_00987.wav,Ross_Seal,21,
clip_00988.wav,Rough-Toothed_Dolphin,22,
clip_00989.wav,"Fin,_Finback_Whale",8,
clip_00990.wav,Long-Finned_Pilot_Whale,15,
clip_00991.wav,Sperm_Whale,25,
clip_00992.wav,Pantropical_Spotted_Dolphin,20,
clip_00993.wav,Narwhal,18,
clip_00994.wav,Common_Dolphin,6,
clip_00995.wav,Killer_Whale,13,
clip_00996.wav,"Fin,_Finback_Whale",8,
clip_00997.wav,"Grampus,_Rissos_Dolphin",10,
clip_00998.wav,Leopard_Seal,14,
clip_00999.wav,Sperm_Whale,25,
clip_01000.wav,False_Killer_Whale,7,
clip_01001.wav,Walrus,28,
clip_01002.wav,Pantropical_Spotted_Dolphin,20,
clip_01003.wav,Southern_Right_Whale,24,
clip_01004.wav,Frasers_Dolphin,9,
clip_01005.wav,Southern_Right_Whale,24,
clip_01006.wav,False_Killer_Whale,7,
clip_01007.wav,Southern_Right_Whale,24,
clip_01008.wav,"Fin,_Finback_Whale",8,
clip_01009.wav,Long-Finned_Pilot_Whale,15,
clip_01010.wav,Spinner_Dolphin,26,
clip_01011.wav,Killer_Whale,13,
clip_01012.wav,White-beaked_Dolphin,30,
clip_01013.wav,Bowhead_Whale,4,
clip_01014.wav,Narwhal,18,
clip_01015.wav,Pantropical_Spotted_Dolphin,20,
clip_01016.wav,Striped_Dolphin,27,
clip_01017.wav,Sperm_Whale,25,
clip_01018.wav,Northern_Right_Whale,19,
clip_01019.wav,Ross_Seal,21,
clip_01020.wav,Walrus,28,
clip_01021.wav,Harp_Seal,11,
clip_01022.wav,"Grampus,_Rissos_Dolphin",10,
clip_01023.wav,Clymene_Dolphin,5,
clip_01024.wav,Striped_Dolphin,27,
clip_01025.wav,Common_Dolphin,6,
clip_01026.wav,False_Killer_Whale,7,
clip_01027.wav,Spinner_Dolphin,26,
clip_01028.wav,Sperm_Whale,25,
clip_01029.wav,Killer_Whale,13,
clip_01030.wav,Sperm_Whale,25,
clip_01031.wav,White-beaked_Dolphin,30,
clip_01032.wav,Pantropical_Spotted_Dolphin,20,
clip_01033.wav,Spinner_Dolphin,26,
clip_01034.wav,Short-Finned_Pacific_Pilot_Whale,23,
clip_01035.wav,Striped_Dolphin,27,
clip_01036.wav,Pantropical_Spotted_Dolphin,20,
clip_01037.wav,Ross_Seal,21,
clip_01038.wav,Atlantic_Spotted_Dolphin,0,
clip_01039.wav,Melon_Headed_Whale,16,
clip_01040.wav,Melon_Headed_Whale,16,
clip_01041.wav,Common_Dolphin,6,
clip_01042.wav,Pantropical_Spotted_Dolphin,20,
clip_01043.wav,"Beluga,_White_Whale",2,
clip_01044.wav,Clymene_Dolphin,5,
clip_01045.wav,Spinner_Dolphin,26,
clip_01046.wav,Spinner_Dolphin,26,
clip_01047.wav,Striped_Dolphin,27,
clip_01048.wav,"Grampus,_Rissos_Dolphin",10,
clip_01049.wav,Melon_Headed_Whale,16,
clip_01050.wav,Bearded_Seal,1,
clip_01051.wav,Frasers_Dolphin,9,
clip_01052.wav,False_Killer_Whale,7,
clip_01053.wav,Northern_Right_Whale,19,
clip_01054.wav,White-sided_Dolphin,31,
clip_01055.wav,Spinner_Dolphin,26,
clip_01056.wav,White-sided_Dolphin,31,
clip_01057.wav,Bowhead_Whale,4,
clip_01058.wav,Atlantic_Spotted_Dolphin,0,
clip_01059.wav,Spinner_Dolphin,26,
clip_01060.wav,Frasers_Dolphin,9,
clip_01061.wav,Common_Dolphin,6,
clip_01062.wav,Long-Finned_Pilot_Whale,15,
clip_01063.wav,Short-Finned_Pacific_Pilot_Whale,23,
clip_01064.wav,Clymene_Dolphin,5,
clip_01065.wav,Humpback_Whale,12,
clip_01066.wav,White-sided_Dolphin,31,
clip_01067.wav,Sperm_Whale,25,
clip_01068.wav,"Beluga,_White_Whale",2,
clip_01069.wav,Striped_Dolphin,27,
clip_01070.wav,Clymene_Dolphin,5,
clip_01071.wav,Bowhead_Whale,4,
clip_01072.wav,Harp_Seal,11,
clip_01073.wav,Sperm_Whale,25,
clip_01074.wav,Sperm_Whale,25,
clip_01075.wav,Walrus,28,
clip_01076.wav,Frasers_Dolphin,9,
clip_01077.wav,Pantropical_Spotted_Dolphin,20,
clip_01078.wav,Rough-Toothed_Dolphin,22,
clip_01079.wav,"Grampus,_Rissos_Dolphin",10,
clip_01080.wav,White-beaked_Dolphin,30,
clip_01081.wav,"Beluga,_White_Whale",2,
clip_01082.wav,Humpback_Whale,12,
clip_01083.wav,Ross_Seal,21,
clip_01084.wav,Long-Finned_Pilot_Whale,15,
clip_01085.wav,Ross_Seal,21,
clip_01086.wav,Melon_Headed_Whale,16,
clip_01087.wav,"Beluga,_White_Whale",2,
clip_01088.wav,Ross_Seal,21,
clip_01089.wav,Pantropical_Spotted_Dolphin,20,
clip_01090.wav,Atlantic_Spotted_Dolphin,0,
clip_01091.wav,Pantropical_Spotted_Dolphin,20,
clip_01092.wav,Northern_Right_Whale,19,
clip_01093.wav,Leopard_Seal,14,
clip_01094.wav,Long-Finned_Pilot_Whale,15,
clip_01095.wav,Spinner_Dolphin,26,
clip_01096.wav,White-beaked_Dolphin,30,
clip_01097.wav,Melon_Headed_Whale,16,
clip_01098.wav,"Fin,_Finback_Whale",8,
clip_01099.wav,Melon_Headed_Whale,16,
clip_01100.wav,Long-Finned_Pilot_Whale,15,
clip_01101.wav,White-beaked_Dolphin,30,
clip_01102.wav,Long-Finned_Pilot_Whale,15,
clip_01103.wav,Atlantic_Spotted_Dolphin,0,
clip_01104.wav,Northern_Right_Whale,19,
clip_01105.wav,"Beluga,_White_Whale",2,
clip_01106.wav,"Grampus,_Rissos_Dolphin",10,
clip_01107.wav,Spinner_Dolphin,26,
clip_01108.wav,"Grampus,_Rissos_Dolphin",10,
clip_01109.wav,Spinner_Dolphin,26,
clip_01110.wav,Clymene_Dolphin,5,
clip_01111.wav,Pantropical_Spotted_Dolphin,20,
clip_01112.wav,"Grampus,_Rissos_Dolphin",10,
clip_01113.wav,Harp_Seal,11,
clip_01114.wav,Common_Dolphin,6,
clip_01115.wav,Common_Dolphin,6,
clip_01116.wav,Humpback_Whale,12,
clip_01117.wav,Striped_Dolphin,27,
clip_01118.wav,Northern_Right_Whale,19,
clip_01119.wav,"Grampus,_Rissos_Dolphin",10,
clip_01120.wav,Rough-Toothed_Dolphin,22,
clip_01121.wav,Rough-Toothed_Dolphin,22,
clip_01122.wav,Bearded_Seal,1,
clip_01123.wav,Common_Dolphin,6,
clip_01124.wav,Long-Finned_Pilot_Whale,15,
clip_01125.wav,Short-Finned_Pacific_Pilot_Whale,23,
clip_01126.wav,Sperm_Whale,25,
clip_01127.wav,"Grampus,_Rissos_Dolphin",10,
clip_01128.wav,Striped_Dolphin,27,
clip_01129.wav,Southern_Right_Whale,24,
clip_01130.wav,Walrus,28,
clip_01131.wav,False_Killer_Whale,7,
clip_01132.wav,Common_Dolphin,6,
clip_01133.wav,Striped_Dolphin,27,
clip_01134.wav,Pantropical_Spotted_Dolphin,20,
clip_01135.wav,White-sided_Dolphin,31,
clip_01136.wav,"Fin,_Finback_Whale",8,
clip_01137.wav,"Fin,_Finback_Whale",8,
clip_01138.wav,False_Killer_Whale,7,
clip_01139.wav,Pantropical_Spotted_Dolphin,20,
clip_01140.wav,Pantropical_Spotted_Dolphin,20,
clip_01141.wav,White-beaked_Dolphin,30,
clip_01142.wav,White-beaked_Dolphin,30,
clip_01143.wav,Northern_Right_Whale,19,
clip_01144.wav,Short-Finned_Pacific_Pilot_Whale,23,
clip_01145.wav,Narwhal,18,
clip_01146.wav,Rough-Toothed_Dolphin,22,
clip_01147.wav,Short-Finned_Pacific_Pilot_Whale,23,
clip_01148.wav,Humpback_Whale,12,
clip_01149.wav,Humpback_Whale,12,
clip_01150.wav,Killer_Whale,13,
clip_01151.wav,Common_Dolphin,6,
clip_01152.wav,White-sided_Dolphin,31,
clip_01153.wav,"Grampus,_Rissos_Dolphin",10,
clip_01154.wav,Ross_Seal,21,
clip_01155.wav,Bowhead_Whale,4,
clip_01156.wav,"Beluga,_White_Whale",2,
clip_01157.wav,Narwhal,18,
clip_01158.wav,Short-Finned_Pacific_Pilot_Whale,23,
clip_01159.wav,Clymene_Dolphin,5,
clip_01160.wav,"Grampus,_Rissos_Dolphin",10,
clip_01161.wav,"Fin,_Finback_Whale",8,
clip_01162.wav,Harp_Seal,11,
clip_01163.wav,Spinner_Dolphin,26,
clip_01164.wav,Southern_Right_Whale,24,
clip_01165.wav,Sperm_Whale,25,
clip_01166.wav,Ross_Seal,21,
clip_01167.wav,Spinner_Dolphin,26,
clip_01168.wav,Frasers_Dolphin,9,
clip_01169.wav,Sperm_Whale,25,
clip_01170.wav,White-beaked_Dolphin,30,
clip_01171.wav,"Beluga,_White_Whale",2,
clip_01172.wav,White-beaked_Dolphin,30,
clip_01173.wav,Walrus,28,
clip_01174.wav,Rough-Toothed_Dolphin,22,
clip_01175.wav,Sperm_Whale,25,
clip_01176.wav,Pantropical_Spotted_Dolphin,20,
clip_01177.wav,Harp_Seal,11,
clip_01178.wav,Harp_Seal,11,
clip_01179.wav,Melon_Headed_Whale,16,
clip_01180.wav,Frasers_Dolphin,9,
clip_01181.wav,Long-Finned_Pilot_Whale,15,
clip_01182.wav,Bowhead_Whale,4,
clip_01183.wav,"Beluga,_White_Whale",2,
clip_01184.wav,Sperm_Whale,25,
clip_01185.wav,Frasers_Dolphin,9,
clip_01186.wav,Short-Finned_Pacific_Pilot_Whale,23,
clip_01187.wav,"Beluga,_White_Whale",2,
clip_01188.wav,Melon_Headed_Whale,16,
clip_01189.wav,Spinner_Dolphin,26,
clip_01190.wav,Ross_Seal,21,
clip_01191.wav,Frasers_Dolphin,9,
clip_01192.wav,White-beaked_Dolphin,30,
clip_01193.wav,Leopard_Seal,14,
clip_01194.wav,Northern_Right_Whale,19,
clip_01195.wav,Striped_Dolphin,27,
clip_01196.wav,Pantropical_Spotted_Dolphin,20,
clip_01197.wav,Rough-Toothed_Dolphin,22,
clip_01198.wav,Melon_Headed_Whale,16,
clip_01199.wav,"Beluga,_White_Whale",2,
clip_01200.wav,Short-Finned_Pacific_Pilot_Whale,23,
clip_01201.wav,White-beaked_Dolphin,30,
clip_01202.wav,Minke_Whale,17,
clip_01203.wav,"Beluga,_White_Whale",2,
clip_01204.wav,Humpback_Whale,12,
clip_01205.wav,Pantropical_Spotted_Dolphin,20,
clip_01206.wav,"Grampus,_Rissos_Dolphin",10,
clip_01207.wav,Harp_Seal,11,
clip_01208.wav,Killer_Whale,13,
clip_01209.wav,Atlantic_Spotted_Dolphin,0,
clip_01210.wav,Short-Finned_Pacific_Pilot_Whale,23,
clip_01211.wav,Spinner_Dolphin,26,
clip_01212.wav,Striped_Dolphin,27,
clip_01213.wav,False_Killer_Whale,7,
clip_01214.wav,Bowhead_Whale,4,
clip_01215.wav,"Grampus,_Rissos_Dolphin",10,
clip_01216.wav,"Grampus,_Rissos_Dolphin",10,
clip_01217.wav,"Beluga,_White_Whale",2,
clip_01218.wav,Pantropical_Spotted_Dolphin,20,
clip_01219.wav,"Beluga,_White_Whale",2,
clip_01220.wav,White-beaked_Dolphin,30,
clip_01221.wav,Northern_Right_Whale,19,
clip_01222.wav,Harp_Seal,11,
clip_01223.wav,"Grampus,_Rissos_Dolphin",10,
clip_01224.wav,Common_Dolphin,6,
clip_01225.wav,Bearded_Seal,1,
clip_01226.wav,White-beaked_Dolphin,30,
clip_01227.wav,Narwhal,18,
clip_01228.wav,White-beaked_Dolphin,30,
clip_01229.wav,Spinner_Dolphin,26,
clip_01230.wav,Southern_Right_Whale,24,
clip_01231.wav,Humpback_Whale,12,
clip_01232.wav,Frasers_Dolphin,9,
clip_01233.wav,Clymene_Dolphin,5,
clip_01234.wav,Narwhal,18,
clip_01235.wav,Striped_Dolphin,27,
clip_01236.wav,Rough-Toothed_Dolphin,22,
clip_01237.wav,Bowhead_Whale,4,
clip_01238.wav,Northern_Right_Whale,19,
clip_01239.wav,Northern_Right_Whale,19,
clip_01240.wav,Bowhead_Whale,4,
clip_01241.wav,"Fin,_Finback_Whale",8,
clip_01242.wav,White-beaked_Dolphin,30,
clip_01243.wav,Long-Finned_Pilot_Whale,15,
clip_01244.wav,Common_Dolphin,6,
clip_01245.wav,White-sided_Dolphin,31,
clip_01246.wav,Narwhal,18,
clip_01247.wav,Narwhal,18,
clip_01248.wav,Long-Finned_Pilot_Whale,15,
clip_01249.wav,Northern_Right_Whale,19,
clip_01250.wav,Atlantic_Spotted_Dolphin,0,
clip_01251.wav,Clymene_Dolphin,5,
clip_01252.wav,Short-Finned_Pacific_Pilot_Whale,23,
clip_01253.wav,Rough-Toothed_Dolphin,22,
clip_01254.wav,Clymene_Dolphin,5,
clip_01255.wav,"Beluga,_White_Whale",2,
clip_01256.wav,Short-Finned_Pacific_Pilot_Whale,23,
clip_01257.wav,Narwhal,18,
clip_01258.wav,Bottlenose_Dolphin,3,
clip_01259.wav,Humpback_Whale,12,
clip_01260.wav,Melon_Headed_Whale,16,
clip_01261.wav,Rough-Toothed_Dolphin,22,
clip_01262.wav,Narwhal,18,
clip_01263.wav,Humpback_Whale,12,
clip_01264.wav,White-beaked_Dolphin,30,
clip_01265.wav,Clymene_Dolphin,5,
clip_01266.wav,Ross_Seal,21,
clip_01267.wav,False_Killer_Whale,7,
clip_01268.wav,Long-Finned_Pilot_Whale,15,
clip_01269.wav,"Grampus,_Rissos_Dolphin",10,
clip_01270.wav,Long-Finned_Pilot_Whale,15,
clip_01271.wav,"Beluga,_White_Whale",2,
clip_01272.wav,Rough-Toothed_Dolphin,22,
clip_01273.wav,Short-Finned_Pacific_Pilot_Whale,23,
clip_01274.wav,Striped_Dolphin,27,
clip_01275.wav,White-beaked_Dolphin,30,
clip_01276.wav,Ross_Seal,21,
clip_01277.wav,Pantropical_Spotted_Dolphin,20,
clip_01278.wav,Killer_Whale,13,
clip_01279.wav,Southern_Right_Whale,24,
clip_01280.wav,Short-Finned_Pacific_Pilot_Whale,23,
clip_01281.wav,Narwhal,18,
clip_01282.wav,Minke_Whale,17,
clip_01283.wav,Long-Finned_Pilot_Whale,15,
clip_01284.wav,Ross_Seal,21,
clip_01285.wav,Common_Dolphin,6,
clip_01286.wav,Narwhal,18,
clip_01287.wav,Walrus,28,
clip_01288.wav,Long-Finned_Pilot_Whale,15,
clip_01289.wav,Walrus,28,
clip_01290.wav,Northern_Right_Whale,19,
clip_01291.wav,Melon_Headed_Whale,16,
clip_01292.wav,Walrus,28,
clip_01293.wav,Striped_Dolphin,27,
clip_01294.wav,Sperm_Whale,25,
clip_01295.wav,"Fin,_Finback_Whale",8,
clip_01296.wav,White-sided_Dolphin,31,
clip_01297.wav,False_Killer_Whale,7,
clip_01298.wav,Bowhead_Whale,4,
clip_01299.wav,Bowhead_Whale,4,
clip_01300.wav,Sperm_Whale,25,
clip_01301.wav,Common_Dolphin,6,
clip_01302.wav,Spinner_Dolphin,26,
clip_01303.wav,Short-Finned_Pacific_Pilot_Whale,23,
clip_01304.wav,Frasers_Dolphin,9,
clip_01305.wav,Long-Finned_Pilot_Whale,15,
clip_01306.wav,False_Killer_Whale,7,
clip_01307.wav,Clymene_Dolphin,5,
clip_01308.wav,"Grampus,_Rissos_Dolphin",10,
clip_01309.wav,Bowhead_Whale,4,
clip_01310.wav,Clymene_Dolphin,5,
clip_01311.wav,False_Killer_Whale,7,
clip_01312.wav,Humpback_Whale,12,
clip_01313.wav,Rough-Toothed_Dolphin,22,
clip_01314.wav,Common_Dolphin,6,
clip_01315.wav,Rough-Toothed_Dolphin,22,
clip_01316.wav,Common_Dolphin,6,
clip_01317.wav,"Beluga,_White_Whale",2,
clip_01318.wav,Walrus,28,
clip_01319.wav,Clymene_Dolphin,5,
clip_01320.wav,Long-Finned_Pilot_Whale,15,
clip_01321.wav,Bearded_Seal,1,
clip_01322.wav,Harp_Seal,11,
clip_01323.wav,Rough-Toothed_Dolphin,22,
clip_01324.wav,Clymene_Dolphin,5,
clip_01325.wav,Clymene_Dolphin,5,
clip_01326.wav,Clymene_Dolphin,5,
clip_01327.wav,White-beaked_Dolphin,30,
clip_01328.wav,Striped_Dolphin,27,
clip_01329.wav,White-beaked_Dolphin,30,
clip_01330.wav,Harp_Seal,11,
clip_01331.wav,Northern_Right_Whale,19,
clip_01332.wav,Pantropical_Spotted_Dolphin,20,
clip_01333.wav,Atlantic_Spotted_Dolphin,0,
clip_01334.wav,Pantropical_Spotted_Dolphin,20,
clip_01335.wav,Bearded_Seal,1,
clip_01336.wav,White-beaked_Dolphin,30,
clip_01337.wav,Spinner_Dolphin,26,
clip_01338.wav,"Beluga,_White_Whale",2,
clip_01339.wav,Frasers_Dolphin,9,
clip_01340.wav,Spinner_Dolphin,26,
clip_01341.wav,Long-Finned_Pilot_Whale,15,
clip_01342.wav,Spinner_Dolphin,26,
clip_01343.wav,Ross_Seal,21,
clip_01344.wav,Spinner_Dolphin,26,
clip_01345.wav,"Grampus,_Rissos_Dolphin",10,
clip_01346.wav,Killer_Whale,13,
clip_01347.wav,Spinner_Dolphin,26,
clip_01348.wav,Bowhead_Whale,4,
clip_01349.wav,Northern_Right_Whale,19,
clip_01350.wav,Melon_Headed_Whale,16,
clip_01351.wav,White-sided_Dolphin,31,
clip_01352.wav,Harp_Seal,11,
clip_01353.wav,Northern_Right_Whale,19,
clip_01354.wav,Bearded_Seal,1,
clip_01355.wav,"Fin,_Finback_Whale",8,
clip_01356.wav,Frasers_Dolphin,9,
